date,region,product,channel,customer_type,sales,units
2026-01-01,North,A,Online,New,10000,100
2026-01-01,North,B,Store,Returning,8000,80
2026-01-01,South,A,Online,New,12000,120
2026-01-01,South,B,Store,Returning,15000,150
2026-01-01,East,A,Online,New,9000,90
2026-01-01,East,B,Store,Returning,7000,70
2026-02-01,North,A,Online,New,9800,98
2026-02-01,North,B,Store,Returning,7800,78
2026-02-01,South,A,Online,New,7000,70
2026-02-01,South,B,Store,Returning,9000,90
2026-02-01,East,A,Online,New,8800,88
2026-02-01,East,B,Store,Returning,6800,68